pays,code_iso3,volaille_kcal_hab_jour,population_milliers,pib_par_habitant_ppp,pct_pop_ne_peut_manger_sain,imports_alim_pct_imports_totaux,densite_population_hab_km2,pct_population_urbaine,lpi_efficacite_douane,croissance_pib_pct,marche_volaille,taux_dependance_import,prix_moyen_import,part_bio_agriculture,indice_stabilite_globale,part_volaille_viande,distance_france_km,volaille_import_valeur_usd_hab
Haiti,HTI,33.98,10817.75,3474,77.4,37.2613985987692,392.516473149492,50.735083378449,1.864452,2.51027134544685,367587.14499999996,100.0,931.0475737382809,0.0027860696517412933,31.172233799999997,1.7248730964467005,7356.377634576809,8.068499456911095
Paraguay,PRY,39.14,6338.66,15320,24.3,8.75106988845847,15.9543418071986,62.9526389826574,2.5120635,4.81007885552178,248095.1524,12.658985507246378,2145.8206921817577,0.002148933661990035,47.23457618,0.8525375735133959,10160.480746374617,0.29569498916174713
Kyrgyzstan,KGZ,12.05,6220.15,5861,41.0,14.0718426591173,32.8816266944734,34.9980805726839,2.275,4.73993722377884,74952.8075,100.0,1204.563313527793,0.0018339484445119114,43.518800899999995,0.40019926934573236,5420.6718433217775,5.163015361365884
Republic of Moldova,MDA,86.1,2693.5,13119,10.9,13.9754361747855,95.9093883802694,39.9736557006836,2.3219849999999997,4.17561205106279,231910.34999999998,100.0,984.8744951514742,0.013006516204203167,47.52560726,1.673469387755102,1972.88658913532,6.093859290885465
Australia,AUS,190.52,24731.04,56685,2.9,6.48222765314289,3.19715601363491,87.12809266445,3.7069785,2.29331030192918,4711757.740800001,14.015381589299764,3337.2949243693706,0.09586200405016176,83.0648288,1.6603050108932462,16918.823615135952,2.4038241012104624
Cyprus,CYP,91.72,1254.28,42129,4.0,14.1248549081498,135.744047619048,66.8907450570326,3.0805555,5.75083236554525,115042.5616,100.0,2705.169061390603,0.0461209026519519,71.57435566000001,1.2502726281352234,2949.3918033382847,33.36518959084096
Comoros,COM,66.99,756.67,3237,63.9,34.9338624970661,406.592692101021,31.0996559689293,2.6262855,3.81570211280726,50689.3233,100.0,1178.6179514438827,0.010827067669172932,39.14488250000001,2.765895953757225,7835.564565210703,17.948273355623986
Bulgaria,BGR,84.34,7075.64,26681,10.3,10.0390731851877,62.6701179071481,73.3904571533203,2.67,2.74592676054861,596759.4776000001,100.0,1111.367798486148,0.027159649429766654,56.22399536,1.473445143256464,1757.2541957556507,18.158770090055455
United States of America,USA,201.81,332204.66,66156,5.0,6.08834023504952,35.7049975840182,80.4018678392891,3.7662430000000002,2.45762229852507,67042222.434599996,6.317684585196678,3430.3405796379147,0.0047544366996939156,76.56754386,1.7040445832981508,6165.629223350146,1.429588736052047
Burkina Faso,BFA,7.91,19894.41,2232,66.2,12.2199184238571,72.713475877193,25.9769918665632,2.480862,6.20348941121868,157364.7831,4.093571428571429,860.0011632641191,0.00427413195112643,47.0299942,0.6635906040268457,4073.0760312454267,0.007432238503177526
Albania,ALB,43.93,2898.24,14155,24.3,14.8580988702112,96.6527372262774,55.980276426546,2.2921955,3.28317593330073,127319.68319999998,100.0,945.7211982141522,0.0004683717100080816,54.286470980000004,1.0276023391812865,1600.885984322974,5.887214309373966
Spain,ESP,112.56,46868.6,45446,10.9,11.7182494041178,93.2268622784207,79.4663233085683,3.5485290000000003,2.89604207865007,5275529.616,100.0,2388.9183037611574,0.0791845610261516,69.03906767999999,1.1395019234662886,1052.894037456539,11.211316958475397
North Macedonia,MKD,81.52,1940.88,20120,23.9,10.7963737160341,75.2837827121332,59.7437719356273,2.3307775,1.08177273813243,158220.5376,100.0,1449.7934653480752,0.002140600315955766,53.08134492000001,1.9131659234921379,1666.6283081779252,33.60834260747702
"China, mainland",CHN,56.36,1412354.73,71083,29.2,6.60739484217093,148.720043543977,60.2402687072754,3.3044415000000003,6.8912663621211,79600312.5828,24.566872588970387,2283.415343499989,0.005788980829147509,54.67373954,0.9156783103168157,8215.951822075716,0.7310158971181412
Peru,PER,176.22,31324.64,15070,33.3,12.1234600846274,24.47237265625,82.1931650502403,2.642989,2.51883544233135,5520028.0608,41.71556996587031,1343.8082473359732,0.0222514472925234,51.495079280000006,3.578071065989848,10255.355561175638,2.621724303934539
Uzbekistan,UZB,7.98,31819.18,8047,19.7,10.7797032514125,72.2198017195203,50.6787376403809,2.209487,4.39527463349263,253917.05640000003,100.0,808.3400375872503,0.0,40.0893693,0.21555915721231766,5148.805932046004,0.31198258408921914
Egypt,EGY,58.33,103696.06,14018,52.7,20.284907436335,104.170030639409,42.4486008687179,2.67481,4.18122099994778,6048591.1798,65.18000699790063,1676.9526561689581,0.027602517904237324,42.23135126,2.119549418604651,3210.145878539216,1.5062781556020546
Malawi,MWI,27.24,18039.72,1613,84.0,12.5411806593085,191.341907085278,15.9634281867266,2.43,4.00000000089172,491401.9728,2.825153846153846,2457.7558744248104,0.0021024583118445933,46.11395724,1.1900393184796854,7642.026931445364,0.05003736199896672
Jordan,JOR,91.04,10234.23,9340,12.5,18.6700700543504,115.276255913494,90.8764609714428,2.521402,2.47359815449045,931724.2992,100.0,1599.0144513058897,0.0014399205561072491,56.7494214,2.573932711337292,3365.787556572575,10.17685453619862
Niger,NER,4.03,21435.45,1520,86.1,34.7431599441747,16.9222752032841,16.5036987906896,2.1787065,5.00536078615544,86384.8635,100.0,1206.5553813520244,5.365382551775942e-06,43.5720372,0.45847554038680327,3928.7761847062598,0.15258228775229818
Algeria,DZA,25.63,41689.3,15428,18.8,20.2300414574917,17.5037080018356,71.3227912436551,2.2492105000000002,1.49999999895587,1068496.759,8.477957746478873,2157.1058336863616,1.8628217664133372e-05,42.015356960000005,1.276394422310757,1344.5966339982656,0.12458232688003876
Croatia,HRV,40.9,4079.2,32352,27.9,12.9822559599019,72.2144056893717,55.9009887365155,3.027121,3.28396321643012,166839.28,100.0,2481.1539114758543,0.06452905811623245,61.38956324000001,0.5243589743589744,1079.3109609483358,15.61465238282016
Rwanda,RWA,5.62,12202.06,2352,79.8,22.5994817143072,494.611268747467,20.2477568101111,2.8017244999999997,3.91817093628465,68575.5772,0.8627777777777778,5198.325820991629,0.0006384039900249376,59.05893718,0.6307519640852974,6243.53761305138,0.006616095970680361
Tajikistan,TJK,16.29,9085.95,3313,36.0,21.9000992700884,65.4654225808776,26.2731513977051,1.9266665,7.10000041864309,148010.1255,100.0,871.3819998267029,0.003305828148996538,39.02021134,0.5321790264619405,5289.131499817324,4.26125501461047
Côte d'Ivoire,CIV,6.9,26733.37,5556,56.2,20.9293744697827,84.0672075471698,50.3977309654344,2.7233335,7.41076242592504,184460.253,12.965416666666668,2501.9121380595816,0.002039658001315895,43.9593468,0.5887372013651877,4730.166031766549,0.05824331163635561
Montenegro,MNE,62.51,620.11,22740,17.4,22.6612560158202,46.5414126394052,64.9992438680584,2.387537,3.21668504736274,38763.0761,100.0,2203.01535931981,0.010534529847834569,57.024600680000006,0.7254264825345247,1483.7089106160138,29.29885020399606
Mexico,MEX,128.3,123400.06,21778,28.3,5.77334298670112,63.4790282671879,77.7206924598541,2.8238075,1.87172853327193,15832227.698,100.0,1215.0664836312337,0.006952323974171188,46.01663556,1.868900218499636,9196.24924098678,9.63083607901001
Nepal,NPL,7.78,28011.26,4072,33.2,17.6428567864629,195.404659923265,65.5768928085184,2.1116665,8.97727935643466,217927.6028,2.344310344827586,5686.69559461646,0.0023810306027530845,43.13331616000001,0.5810306198655714,7235.805107449051,0.02760389928907161
Estonia,EST,91.85,1317.42,39940,10.9,10.961027323393,30.816,68.9931941915158,3.3659125,5.63467248963991,121005.027,100.0,1896.285635584444,0.2,77.23393156,1.4455461126849227,1858.1339565878034,33.704619635347875
Guinea,GIN,8.01,12385.66,3333,44.4,25.011415071855453,50.4055795214065,35.5827331542969,2.3660255,10.3000053427355,99209.1366,100.0,1022.7544085966433,0.0,38.364593,0.6647302904564315,4622.77937242774,3.095607339455467
Philippines,PHL,52.51,108119.69,8584,46.6,11.0747677813784,362.61090317604,52.6010482354344,2.5692385,6.9309883258402,5677364.9218999995,100.0,922.3517749648107,0.015891183478951548,47.51725280000001,1.3998933617701947,10744.153095576728,2.2361529153477964
Slovakia,SVK,52.53,5435.7,35043,19.7,5.69860199187476,113.128785357737,53.6126018237016,3.0338890000000003,2.87473327453695,285537.321,100.0,1990.918278421735,0.10066524747205961,64.66784268,0.8901881037112355,1088.3174154320027,24.477574185477494
Angola,AGO,39.48,30234.84,9042,60.7,17.7351790914195,24.2518962059838,65.0850525086068,1.6834164999999999,-0.149396225571834,1193671.4832,100.0,1131.4584216774742,0.0,35.72552268,1.6074918566775245,6502.064750447064,10.395783473635051
Lithuania,LTU,106.15,2829.31,38775,21.3,12.39470541688,45.3798470650213,67.1012954711914,3.1326140000000002,4.61224310312809,300331.2565,100.0,1618.8768431567012,0.07975334718768098,70.46898719999999,1.2968845448992061,1696.076964244121,25.80027285804666
Kazakhstan,KAZ,68.62,18651.93,31524,9.3,11.4239342143862,6.90889024706449,57.4586448748837,2.588127,4.10000000257358,1279895.4366000001,100.0,864.2195004771554,0.0012816024146481005,50.90579838,1.1944299390774586,4758.976791324375,8.119413915878946
Portugal,PRT,113.5,10330.84,37943,18.9,14.8265913685902,112.441815784188,61.1296726507436,3.27161,3.31472008175986,1172550.34,100.0,2456.314421839565,0.06908871820078702,74.03789394,1.2225333907798361,1454.116174526332,21.57130881903117
Myanmar,MMR,124.66,51894.94,5878,45.4,14.6149263900345,79.5020114898506,29.9051727703437,2.2992855,6.13610824360305,6469223.2204,0.3106924408540104,2081.4962019203986,0.0007852239995097138,36.775905800000004,2.101837801382566,8633.544509435304,0.021596325190856757
Morocco,MAR,76.85,35446.39,8450,13.2,11.2874889238467,79.4227918440511,61.2761057031842,2.276111,5.05789816173446,2724055.0714999996,5.28758389261745,2441.2108903979183,0.0002953629479492345,49.78199943999999,2.2108745684695053,1815.4076915481,0.2712981491204041
United Republic of Tanzania,TZA,4.64,55652.89,3319,75.7,10.2785536416025,62.8278279521337,32.2987013317296,2.775661,6.72726996832338,258229.40959999998,37.78523076923077,1008.5992084819466,0.0071621263671689155,46.81103124,0.4607745779543197,6941.42144228854,0.044510896019955115
Botswana,BWA,12.49,2266.75,17353,62.8,12.537601456042,3.99969473999965,65.9456435684731,3.049388,4.11437856445083,28311.7075,100.0,1558.783051265572,0.0,66.715687,0.5470871660096365,8503.178597079517,2.1185971104003527
Iran (Islamic Republic of),IRN,97.29,85026.75,15108,7.7,20.191545455076,52.4047790446841,74.4011840820312,2.4766665000000003,3.02685468694025,8272252.5075,2.532406563354604,1428.897967999136,0.0002584257564337246,42.776574520000004,2.550865233350813,4208.5274081399575,0.09337179181845713
Thailand,THA,49.44,71160.19,20095,22.8,6.34209597236378,139.286709467791,49.2311973571777,3.122533,4.1776810321001,3518159.7936,1.2258837345860245,3821.4237814224407,0.003994835208123605,50.69261466,1.7906555595798623,9442.659184658349,0.112111982837595
Gabon,GAB,136.52,2156.9,19556,31.7,14.7766431504621,8.37078433655451,89.0009733256896,2.0149245000000002,0.472642030911146,294459.988,100.0,1129.3862273988275,0.0,42.93681732,2.0240177909562638,5432.072306833901,42.39009226204274
Russian Federation,RUS,119.65,146186.8,35570,3.1,11.0570474239392,8.87185768709161,74.460036813029,2.2132145,1.82579006401834,17491250.62,50.67872523117569,1592.4917403678826,0.0030488087835392167,44.869580459999995,1.5585515175198648,2486.228685269426,2.507505191987238
Namibia,NAM,41.78,2506.85,11409,57.7,13.5149881475784,3.04492098774429,46.8135799686288,2.647065,-1.02724808856709,104736.193,100.0,1171.0901885087683,1.288294555667208e-06,61.126367359999996,1.3658058188950637,8076.440422653623,13.64973971318587
Fiji,FJI,140.12,918.76,13091,45.4,18.4273025008703,50.2878489326765,55.7408343449609,2.3709215,5.35336455965039,128736.65120000001,92.8585294117647,1774.1187575027159,0.05283259070655634,56.0411619,2.6593281457582085,16581.623633253403,6.096510514171274
Guinea-Bissau,GNB,13.76,1877.07,2314,63.8,46.0194884082423,66.7522048364154,43.0155792236328,2.227222,4.66367943913264,25828.4832,100.0,1134.2937250033215,0.001044177383847532,32.2094455,0.8018648018648018,4434.39419025947,2.638074232713751
Uganda,UGA,6.16,40177.39,2544,74.4,14.9376122057273,200.365988430082,26.4139260579546,2.791145,3.13140551723596,247492.7224,4.038769230769231,1275.7504190156942,0.01819632327436698,44.0641249,0.555956678700361,6122.965071270041,0.008335782886842575
Kenya,KEN,8.18,49197.77,4847,69.3,18.899750728629,85.5601194522199,31.5383650847102,2.9093115000000003,3.83795817364721,402437.75859999994,1.7146226415094339,2910.206327372765,0.006298314639956807,44.19872588,0.49336550060313633,6482.776664727293,0.010751097051756614
Brazil,BRA,181.56,204703.45,17725,27.1,6.32149411569174,24.4915070817191,86.1982897571091,2.5835920000000003,1.32286905390815,37165958.382,0.2343661773009599,2577.9280228881194,0.004799918945959752,49.71588025999999,1.7997620935765266,8522.079307292666,0.041816637677577
Colombia,COL,128.76,48131.08,16986,31.7,12.6402054672071,43.3808724650744,77.2245191706503,2.4089855,1.35936086788746,6197357.8608,53.690179028132995,1003.436882825875,0.000726653942557546,49.749801360000006,2.178680203045685,8631.77149855086,1.750636802664723
Mongolia,MNG,10.56,3104.36,14402,28.6,12.4622703661968,2.02209412791248,67.9260583223672,2.3061925,5.63687638694772,32782.041600000004,100.0,1602.2531631662032,0.0,53.2404224,0.11641494873773565,7047.851995187222,4.979503021556778
Norway,NOR,77.61,5276.8,87194,1.9,9.13046415924503,14.452576255125,81.9699745912375,3.543618,2.46374626574153,409532.44800000003,26.519504950495048,4678.062475965757,0.04775091563192815,88.74436226,1.1384773360715856,1341.5839433896947,2.374554654335961
Slovenia,SVN,89.12,2062.41,41703,3.7,8.15806693202461,102.610871929328,55.2451133728027,3.1511765,5.17440215579958,183801.9792,100.0,2773.9666390902985,0.07514958376690947,71.06292272,1.2093906907314427,964.4371788580763,30.36999917572161
Mauritania,MRT,19.76,4210.6,6051,51.7,13.8180668404553,4.08518482584651,54.1970448502004,2.1714285,6.27054566937677,83201.45600000002,100.0,799.3872234779079,0.0,41.05101098,0.6215791129285939,3798.9485176866674,4.4719588657198495
Zimbabwe,ZWE,19.12,14812.48,3454,75.5,14.8943839254836,38.2899883675843,34.7014953017273,1.997619,4.73441117758482,283214.6176,85.25391304347826,785.4388935354235,0.00020088068564966483,34.42715416,0.3726369128824791,7940.267328819927,0.31192345913716
Sri Lanka,LKA,34.07,22087.52,14573,36.0,12.9560404749405,346.614318258931,19.1507693078088,2.58,6.46068127065753,752521.8064,1.987363184079602,3192.835327692385,0.0599775378595754,52.50008394,3.229383886255924,8514.093006176785,0.057743467804443414
Lebanon,LBN,86.34,6160.13,16129,0.3,16.7696518115414,602.163049853372,89.0519233886895,2.5536364999999996,0.903028464073813,531865.6242000001,100.0,2557.602826315907,0.0020049901978256993,41.65285564,2.2425974025974025,3188.7208931547207,6.1380798781843895
India,IND,10.58,1359657.4,7327,59.2,5.63841140503153,457.30592394028,33.1821328157539,3.06721,6.79538341897911,14385175.292,0.03324921135646688,3988.0613535736875,0.009931040639157312,53.07385854,2.285097192224622,6586.0251123105845,0.00037098316090509277
Italy,ITA,68.99,60390.32,48849,10.3,10.6680139305836,202.903617635721,69.5180784259382,3.4615155,1.60369995294101,4166328.1767999995,79.81852160727824,2527.2559634189115,0.14883168298305782,62.06602578,0.8766200762388817,1105.314049140279,4.405856766448662
Dominican Republic,DOM,131.83,10666.84,19502,27.4,14.9273488032741,220.799896501759,73.926806252977,2.3989395,3.93386176401576,1406209.5172000001,100.0,1324.5280807536744,0.08112099815259077,48.96838518,2.550890092879257,7186.364372295921,4.979590019162188
Malaysia,MYS,199.57,32355.64,29552,4.2,7.99408780017611,98.4801217470705,74.2354806421432,3.033577,5.81272240983328,6457215.0748,41.04142942942943,2144.163269869544,7.000350017500875e-05,61.46549197999999,2.9028363636363634,10423.47037470795,4.528397831104561
United Kingdom of Great Britain and Northern Ireland,GBR,128.43,66354.47,51601,3.2,9.60554351444277,272.665647088001,82.23065673273,3.876899,3.02322219840339,8521904.5821,100.0,2847.924138476031,0.028794469760870346,81.13346917999999,1.5492159227985525,343.54310262588854,40.82095087188549
Netherlands (Kingdom of the),NLD,58.35,17315.37,65666,1.8,13.1068656968537,508.8,91.1219700676602,4.021456499999999,2.78154619309936,1010351.8395,100.0,2143.5025465625613,0.03265530511269928,85.87679277999999,0.9200567644276254,430.0695271251272,92.87956076018013
Greece,GRC,56.6,10753.53,31995,30.8,13.4916513440012,83.4342823894492,77.8895342613411,2.8474125,1.47312472702352,608649.7980000001,100.0,2051.004074003938,0.06774547550749142,58.472268140000004,0.8382701421800949,2095.889710970652,18.270400510344043
Germany,DEU,66.31,83104.01,61992,2.7,8.19000478686186,236.588722557747,80.9842544038853,4.106533499999999,2.797906720551,5510626.9031,100.0,2507.836641777278,0.06821477797087552,83.7168057,0.8276335496754867,876.329874677911,28.416178473216878
New Zealand,NZL,96.89,4812.75,46193,2.9,11.5262393633489,18.2811135163875,84.1701025874108,3.445037,3.37873219470765,466307.3475,4.774708520179372,4275.160599571735,0.008349398722284854,89.03959975999999,1.1131663602941175,18985.70180582022,0.945825151940159
Honduras,HND,80.37,9588.14,6100,40.3,18.0407406081852,85.6925283760837,55.3877322339915,2.226175,4.84291391050387,770598.8118,90.76922279792745,1902.2277072299735,0.008391628440366972,41.64829276,2.3919642857142858,8799.605337794254,3.4755541742194005
Sao Tome and Principe,STP,36.04,206.97,5521,48.9,29.7309535309856,215.59375,67.6520004272461,2.474938,4.11297966281954,7459.1988,100.0,1288.7512846865366,0.21414634146341463,50.239503219999996,2.337224383916991,5411.235218115379,12.117263371503116
Cameroon,CMR,12.24,24128.6,4798,52.6,22.8141277684289,51.0431363838294,53.3115142121504,2.2754545,3.54117654926007,295334.064,3.560779220779221,2057.0792909767306,0.00011155476360998053,37.84333904,0.9615082482325216,5077.543669313645,0.02337516474225608
Denmark,DNK,101.73,5765.17,64816,0.9,13.8107494536679,144.1245,88.0161943799509,3.869961,3.05647723922718,586490.7441,100.0,1736.1549340589527,0.08892942651921103,86.78403354,1.0778766687857597,1027.5828324916222,53.7675905480671
Malta,MLT,94.86,467.9,51579,4.5,12.0439869461863,1459.70625,94.5691806330314,2.740476,12.9713424962459,44384.994,100.0,2633.5271309019995,0.002890173410404624,74.02533928,1.1927574500188607,1748.5034539251137,61.909275486215
Guatemala,GTM,75.7,16567.36,11006,51.0,14.5825879494011,154.603928704741,53.7994723140017,2.3159135,3.07985126948702,1254149.152,100.0,908.8683377191267,0.002957821204350517,41.997755299999994,2.066048034934498,8995.24996153279,7.136213615204836
Iceland,ISL,123.89,343.53,63999,0.6,9.63054046839887,3.42543640897756,93.7718982310092,2.949263,3.48506703916689,42559.931699999994,100.0,4167.996919778973,0.0054487179487179484,83.16690580000001,1.205624756714675,2233.0961752947337,23.31860390650016
Canada,CAN,144.62,36808.5,56612,3.2,8.20309596250041,4.07614836279598,81.4018945832226,3.7760355,3.03383491200222,5323245.2700000005,100.0,2696.1739516738066,0.020594253088083832,85.7912451,1.5939601013997575,5648.31395777041,14.479947294782455
Armenia,ARM,59.03,2914.96,14244,49.4,18.0111171291288,104.650509308044,64.7124948593667,2.258332,7.50000000164144,172070.0888,100.0,1140.2051325511325,0.0008531710518465485,51.76773524,1.1129336349924586,3430.7136763350977,14.031341767983095
Zambia,ZMB,13.05,17441.32,3613,77.8,6.11675887008898,23.4618706197285,42.7295979877011,2.2130095,3.52586277149926,227609.226,100.0,625.136468081793,0.00033558454633164143,48.00318926,0.6668369954011242,7591.297928932764,0.43270291468764976
Guyana,GUY,153.53,768.48,12802,41.3,14.913084636563,3.90388112776226,26.412905546573,2.4731794999999996,3.73449154571284,117984.7344,21.178709677419352,1765.2237487434124,0.0,50.20191406,3.1300713557594295,7310.797834883152,1.5080938996460547
Türkiye,TUR,81.06,83083.66,27852,11.7,5.89323990944807,104.352348531112,88.0320472717286,2.9457775,7.82585730002594,6734761.4796,1.2684534671532846,749.7851067273283,0.014303023917395427,48.73795578000001,2.0768639508070716,2597.4974150070257,0.025092057812571084
Ireland,IRL,102.84,4810.26,87942,2.3,10.1384551191777,70.0746842792858,62.9035196521232,3.4171259999999997,10.1088576065965,494687.13840000005,100.0,3502.649983491952,0.01655157050568055,80.57628854,1.344489475748464,780.8777134920429,104.25288238057817
Israel,ISR,278.81,8361.8,42947,19.2,8.74423157968572,402.647874306839,91.6701057535759,3.41,4.3469311670646,2331353.4579999996,1.3891891891891892,17100.022888532847,0.008850931677018633,70.3873607,2.5539067509389026,3331.7684161148504,1.7869358272142364
Lesotho,LSO,24.1,2157.11,2925,70.7,19.4545128256261,71.0510540184453,36.5283648068846,2.1364535,-3.13817493733471,51986.35100000001,100.0,3275.6819546030542,0.0,50.24682156,1.2798725438130645,9043.257572187247,13.661190203559391
Uruguay,URY,36.2,3388.44,29762,30.9,13.3150273623055,19.3602902525426,95.2288235732042,2.6456365,1.74037643374211,122661.528,100.0,1807.8012723105057,0.13233588086817738,71.74839886,0.5930537352555701,10962.616272344738,2.4857987746573644
Indonesia,IDN,29.08,267346.66,11773,49.3,10.9918137066306,142.393583234045,54.4541015625,2.6792145,5.06978590134916,7774440.872799999,0.28118396519577377,2146.1899762391554,0.003990811279822402,51.70631528,2.4233333333333333,11582.590603459159,0.007263902230908739
Belarus,BLR,105.58,9495.79,25504,3.3,12.270886234837,46.5987595325832,77.0208206176758,2.2061960000000003,2.53218349471909,1002565.5082,45.88848812095032,805.4881845698818,0.0,48.84034124,1.3530693323080867,1826.0697776044633,1.8022407824941369
Bosnia and Herzegovina,BIH,68.96,3428.68,15554,6.1,16.9912328153768,66.9664453125,48.4918401819106,2.661154,3.24409895306594,236441.77279999998,100.0,1362.795642521942,0.0005834829443447037,48.48913834,1.6612864370031317,1347.1103147824995,4.243344377428048
Senegal,SEN,23.32,15475.0,3872,54.1,23.9899933080167,80.3770944787825,47.9338349639053,2.242372,7.4074861863013,360877.0,6.665157894736843,1411.219381228383,0.0007840823769173013,53.67381274,1.3318103940605368,4206.69139303551,0.05774281098546042
Poland,POL,127.23,38254.96,34355,17.2,8.77339399800607,124.0237303635,60.145888199417,3.258346,5.15245773325907,4867178.5608,28.657002150537632,1971.8560781106548,0.03422763103305214,67.63056808,1.4459597681554723,1370.6041815256249,3.4343232877514445
Viet Nam,VNM,37.81,95176.98,10291,12.1,8.01962000384069,303.688787280275,33.3625963003742,2.850275,6.94019037359206,3598641.6138,100.0,1053.6108209795816,0.004767931102491618,52.525873899999986,0.9058457115476761,9197.211954115048,1.2107906764850072
Czechia,CZE,86.29,10541.34,45178,4.8,5.77433216616245,137.21587877218,72.9121853567256,3.435222,5.17356529967881,909612.2286,100.0,2449.9222611645364,0.143425163305879,73.38268698,1.0622922565554598,881.7373062556042,28.78272970988508
Mozambique,MOZ,15.71,28166.39,1532,84.4,14.7212509931123,35.8177891095908,32.6274411492675,2.491724,2.63820737310658,442493.9869,100.0,1697.6096806840162,0.00030473205345870876,39.59166218,1.6313603322949117,8845.147766915537,1.490026943459918
Mauritius,MUS,141.49,1290.65,24073,14.7,23.986572421994,633.393590385578,39.4499348663789,2.7,3.93798380632353,182614.06850000002,53.27875,2818.2084789902165,0.0001627906976744186,70.5592172,2.746312111801242,9412.122132145,5.58418626273583
Argentina,ARG,167.11,44288.89,28335,8.5,4.17929787657057,16.1833799224611,91.6776028433824,2.524286,2.81850297775918,7401116.407900001,4.248293246993525,1499.9940118521777,0.027033923089927216,55.65645188,1.4980726131779474,11053.423922796077,0.31107485421287373
Republic of Korea,KOR,73.29,51486.27,44788,10.2,5.9188684678787,526.734806686494,81.471030429984,3.4265425,3.433191763972,3773428.7283,100.0,2114.5018045500456,0.012345679012345678,70.3601245,0.9862737182075091,8965.73076437139,6.158735328855635
Luxembourg,LUX,73.51,596.5,132170,2.6,11.9611992295063,231.635372078028,92.0963768119916,3.715,1.31718713754285,43848.715000000004,100.0,4903.603573144334,0.041522438585522806,87.34594215999998,0.8692207638642546,293.71185327928396,104.55165129924559
Ghana,GHA,26.31,30008.35,5994,65.9,18.2916723569764,131.88166476224,54.6991419779128,2.453447,8.12889488100956,789519.6884999999,100.0,812.6506470884019,0.001266140823211165,55.08378097999999,1.7551701134089392,4820.419463334211,4.111411323848196
Madagascar,MDG,13.85,26788.37,1670,93.0,19.9432334426958,46.0439584049502,29.671033028335,2.325787,3.93330759462793,371018.92449999996,0.15619047619047619,2467.2256097560976,0.0015649834943147083,41.40865404,2.120980091883614,8758.881287914819,0.0012083601951145217
Gambia,GMB,30.0,2342.19,2533,43.0,33.0354914197728,231.441600790514,60.471712657237,2.08,4.8226112492757,70265.7,100.0,390.07748710982577,0.0,46.943606079999995,2.5839793281653747,4303.357934243354,2.736503016407721
Ecuador,ECU,76.64,16759.52,14179,23.1,10.1880068896461,67.4807497181511,63.0194591842425,2.71969,5.97039880954841,1284449.6128,0.8851470588235294,2223.824555574016,0.007475849731663685,45.25960922,1.5420523138832998,9359.341256964124,0.03993312457636018
Democratic Republic of the Congo,COD,5.08,87083.4,1253,94.8,13.3983576538355,38.4126499194989,42.1127579403217,2.2965565000000003,4.24121047272719,442383.67199999996,100.0,946.1462650105021,0.0018209836676209158,26.624884220000002,1.1390134529147982,6045.160180565751,1.0600815999375313
Nigeria,NGA,5.14,200254.58,5652,73.2,16.315758249379,219.873929751749,57.3486345560101,2.21599,0.805886619102438,1029308.5411999999,61.55903100775193,1643.0457183909314,0.0007887266176104608,35.691756420000004,0.6993197278911565,4450.614511971536,0.13031027804707387
Switzerland,CHE,59.53,8453.63,77627,1.3,4.54540176537,213.918480127503,77.9126273688843,3.754953,1.36279965488859,503244.5939,100.0,4482.153962041032,0.09898025566774175,89.35207848,0.8930393039303931,435.2063589708729,28.408344107797483
Latvia,LVA,80.48,1942.59,33036,27.1,16.2873234108023,31.2123033409935,67.9706866054779,2.9553845,3.39894872623931,156339.6432,100.0,1325.8569227126427,0.13911019141231246,68.16155982000001,1.1614951652475105,1702.92985347934,31.8802320613202
Costa Rica,CRI,100.63,4913.18,22623,14.3,13.4055451491915,96.2235996866432,76.0539254265608,2.4778205,4.1576989627609,494413.30340000003,100.0,1887.0197602682108,0.005039748262836427,65.1658841,1.9562597200622085,8917.700779010218,6.643245311590456
Bolivia (Plurinational State of),BOL,168.78,11344.59,9643,14.7,8.25386526399591,10.4722486845749,69.0838016274736,2.143676,4.19520633360403,1914739.9002,1.4958579881656804,1169.8839662447258,0.0030126515550869793,43.17414712,2.0801084545230464,10064.169459799788,0.07820820320522821
South Africa,ZAF,138.24,57635.16,14591,60.8,7.87838407329725,47.5110354549127,63.3311078299936,3.38273,1.15794695181735,7967484.518400001,100.0,865.9431975189458,0.00042951599007691433,55.39238142000001,2.2314769975786923,8683.841650582099,8.372829536692532
Belgium,BEL,42.16,11376.58,58555,2.1,10.3562532070541,375.009329772855,86.6731739531869,3.7448495,1.47446761556785,479636.61279999994,100.0,2151.660378057364,0.06292388847023361,75.69290773999998,0.7715959004392385,263.62896111028294,64.64296387842391
Lao People's Democratic Republic,LAO,21.26,7018.15,7433,58.5,12.0783900678523,30.4079159445407,34.5115346444216,2.228077,6.8925308726989,149205.869,100.0,950.0468387221273,0.0032632649601627398,46.34731273999999,0.816122840690979,9236.226198480048,2.216729479991166
Liberia,LBR,48.19,4848.92,1661,66.5,26.5597866091246,50.3418293189369,51.7957569553849,1.9878619999999998,2.45515592012239,233669.4548,100.0,745.7332587232141,0.0,41.066583179999995,2.284969179706022,4888.4208908818755,7.714750913605504
Chile,CHL,147.96,18558.87,27893,48.1,10.0681966585274,25.002288872834,87.8000295757281,3.230238,1.35769537343957,2745970.4052,100.0,1532.16493894387,0.0016027637629190215,72.88360254,1.633473172885847,11646.7410218284,12.4223328252205
Finland,FIN,72.06,5508.4,55637,1.0,8.02892706486384,18.1238944459068,71.9563038312956,3.912682,3.30337003591039,396935.304,100.0,3683.129429164094,0.1139647577092511,89.27561188,0.9472853950308927,1908.5278445017514,15.127409047999421
Pakistan,PAK,21.65,223273.97,5032,58.6,11.8099304337959,289.635179275633,36.4351548223399,2.39081,4.43262590683975,4833881.450499999,1.796830601092896,2800.846316265087,0.0013863740777774775,37.3066048,1.1987818383167221,5919.100073933144,0.028874033099335315
Tunisia,TUN,60.04,11650.5,12954,7.7,11.0509034625033,74.9903321318229,68.2877807617188,2.1719445,2.25261437620587,699496.02,1.9234883720930234,2662.773546125015,0.031458805899680795,52.159015239999995,2.1066666666666665,1768.0422370132856,0.09451869018497061
Austria,AUT,67.55,8798.78,62612,2.5,7.73519476606866,106.61131846825,67.9051196052802,3.750437,2.27224992038207,594357.589,100.0,3220.2634522102935,0.23380370825202854,81.7558566,0.7932127759511508,1033.3947362832066,49.35826216816422
Congo,COG,74.53,5351.01,7373,74.3,13.8256465553812,15.6691390922401,63.3544545340423,2.135,-5.59477371915547,398810.77530000004,100.0,1144.1641064339242,0.0,36.27214514,1.9373537821679232,6038.613060847545,22.169496973468558
Trinidad and Tobago,TTO,219.31,1445.26,34154,31.5,13.9739407606226,264.450877192982,53.9293186833833,2.3988585000000002,-4.87274946918724,316959.9706,100.0,1079.989549129827,0.0,55.88359596,3.0672727272727274,7217.726635722058,14.615107316330626
Ethiopia,ETH,2.33,109666.48,2223,62.2,12.3849513836437,97.1744352590326,20.3084850311279,2.598943,9.56418965754014,255522.8984,4.30125,1834.3181891568988,0.004960029408552454,40.3234729,0.36180124223602483,5575.217304192451,0.00517997842184777
Panama,PAN,127.12,4098.71,31980,42.9,10.1579092905861,55.298259579061,65.6577712475758,3.0016665,5.74405946988693,521028.0152,97.33575757575757,1914.0401235336606,0.006899682251475261,56.54641312,1.9517887302318442,8665.079757979971,8.999978041871712
Hungary,HUN,98.19,9785.6,33829,32.0,5.79716816907068,106.582905982906,70.4542541503906,3.183379,4.12418389451805,960848.064,100.0,1755.6129899222449,0.037657929473882704,63.90441332,1.2067100897136536,1247.1168416223493,12.709993255395684
Sweden,SWE,63.68,10057.86,59884,3.5,10.7018295995473,24.6929419766692,87.237373786911,3.982754,1.88282184966646,640484.5248,100.0,3243.5838912979098,0.1916071422641522,86.14033222,0.8697077301283802,1543.340438949149,31.099185114925042
Bangladesh,BGD,6.39,162186.15,6006,65.7,18.9346180073446,1245.95641852962,30.2015798381799,2.433606,6.59024999794057,1036369.4984999999,1.6934538152610443,1313.5390234069296,0.0008772951445087964,38.788690200000005,1.482598607888631,7904.437447502545,0.0034150881564177955
United Arab Emirates,ARE,101.84,9234.33,68872,3.2,6.99707888598958,129.867994931005,84.686675718659,3.7325255,-1.06137661464977,940424.1672,100.0,1734.0237072132552,0.012245961438249088,72.38286396000001,2.3400735294117645,5239.098689794071,89.75598879398939
Jamaica,JAM,200.37,2815.76,9964,19.0,16.7257266674854,259.996675900277,55.9152267548307,2.3930730000000002,2.29303371291363,564193.8312,100.0,804.1395133438466,0.0008872901678657074,57.03441498000001,3.2375181774115367,7728.020774414077,9.435079694292126
Nicaragua,NIC,82.56,6316.23,7391,25.3,14.0179599199643,52.4865464517201,58.1892567408822,2.480624,4.63120757580209,521467.94879999995,48.00104895104895,1620.1539884763592,0.006612871481991734,43.677366379999995,2.6495507060333763,8894.216385102442,1.7606990245763692
Romania,ROU,89.58,19689.4,32849,52.4,9.27170252030188,85.1387126216968,53.3648643239046,2.79,8.19547826641261,1763776.452,100.0,1391.026321743025,0.019322768724772014,57.87506929999999,1.3220188902007082,1869.8829308431575,11.323247026318729
Sierra Leone,SLE,15.17,7379.3,2756,61.3,32.5675100405142,102.234677195899,41.7106682105058,1.8645455000000002,3.20786087715987,111943.981,100.0,1068.8187381929922,0.02562167637376551,42.72853108,1.8545232273838632,4721.250111523315,2.207347580393804
