year;country;wash_mortality_rate;country_year
2016;Afghanistan;13,92067;Afghanistan_2016
2016;Albania;0,16641;Albania_2016
2016;Algeria;1,86723;Algeria_2016
2016;Angola;48,81467;Angola_2016
2016;Antigua and Barbuda;0,11403;Antigua and Barbuda_2016
2016;Argentina;0,36294;Argentina_2016
2016;Armenia;0,17688;Armenia_2016
2016;Australia;0,09539;Australia_2016
2016;Austria;0,12375;Austria_2016
2016;Azerbaijan;1,11988;Azerbaijan_2016
2016;Bahamas;0,06853;Bahamas_2016
2016;Bahrain;0,0396;Bahrain_2016
2016;Bangladesh;11,94467;Bangladesh_2016
2016;Barbados;0,16462;Barbados_2016
2016;Belarus;0,05165;Belarus_2016
2016;Belgium;0,28179;Belgium_2016
2016;Belize;0,96521;Belize_2016
2016;Benin;59,73005;Benin_2016
2016;Bhutan;3,94974;Bhutan_2016
2016;Bolivia;5,57744;Bolivia (Plurinational State of)_2016
2016;Bosnia and Herzegovina;0,07872;Bosnia and Herzegovina_2016
2016;Botswana;11,76669;Botswana_2016
2016;Brazil;1,047;Brazil_2016
2016;Brunei Darussalam;0,0452;Brunei Darussalam_2016
2016;Bulgaria;0,12884;Bulgaria_2016
2016;Burkina Faso;49,64125;Burkina Faso_2016
2016;Burundi;65,40117;Burundi_2016
2016;Cabo Verde;4,13675;Cabo Verde_2016
2016;Cambodia;6,47033;Cambodia_2016
2016;Cameroon;45,15287;Cameroon_2016
2016;Canada;0,36794;Canada_2016
2016;Central African Republic;82,11312;Central African Republic_2016
2016;Chad;101,04312;Chad_2016
2016;Chile;0,20277;Chile_2016
2016;China;0,57632;China_2016
2016;Colombia;0,7531;Colombia_2016
2016;Comoros;50,73689;Comoros_2016
2016;Republic of Congo;38,70865;Congo_2016
2016;Costa Rica;0,86387;Costa Rica_2016
2016;Croatia;0,11204;Croatia_2016
2016;Cuba;1,02635;Cuba_2016
2016;Cyprus;0,27908;Cyprus_2016
2016;Czechia;0,17881;Czechia_2016
2016;Côte d'Ivoire;47,15776;Côte d'Ivoire_2016
2016;Democratic People's Republic of Korea;1,35658;Democratic People's Republic of Korea_2016
2016;Democratic Republic of the Congo;59,75592;Democratic Republic of the Congo_2016
2016;Denmark;0,30561;Denmark_2016
2016;Djibouti;31,28645;Djibouti_2016
2016;Dominican Republic;2,20544;Dominican Republic_2016
2016;Ecuador;0,64215;Ecuador_2016
2016;Egypt;2,2022;Egypt_2016
2016;El Salvador;2,00514;El Salvador_2016
2016;Equatorial Guinea;22,28946;Equatorial Guinea_2016
2016;Eritrea;45,56445;Eritrea_2016
2016;Estonia;0,00627;Estonia_2016
2016;Eswatini;27,89303;Eswatini_2016
2016;Ethiopia;43,66399;Ethiopia_2016
2016;Fiji;2,88769;Fiji_2016
2016;Finland;0,03616;Finland_2016
2016;France;0,26542;France_2016
2016;Gabon;20,57946;Gabon_2016
2016;Gambia;29,65944;Gambia_2016
2016;Georgia;0,17978;Georgia_2016
2016;Germany;0,58651;Germany_2016
2016;Ghana;18,83582;Ghana_2016
2016;Greece;0,0371;Greece_2016
2016;Grenada;0,34283;Grenada_2016
2016;Guatemala;6,29517;Guatemala_2016
2016;Guinea;44,63392;Guinea_2016
2016;Guinea-Bissau;35,27235;Guinea-Bissau_2016
2016;Guyana;3,64877;Guyana_2016
2016;Haiti;23,79188;Haiti_2016
2016;Honduras;3,6189;Honduras_2016
2016;Hungary;0,23983;Hungary_2016
2016;Iceland;0,10354;Iceland_2016
2016;India;18,58389;India_2016
2016;Indonesia;7,05721;Indonesia_2016
2016;Iran;0,98453;Iran (Islamic Republic of)_2016
2016;Iraq;3,03475;Iraq_2016
2016;Ireland;0,07416;Ireland_2016
2016;Israel;0,24682;Israel_2016
2016;Italy;0,13718;Italy_2016
2016;Jamaica;0,61365;Jamaica_2016
2016;Japan;0,1667;Japan_2016
2016;Jordan;0,62637;Jordan_2016
2016;Kazakhstan;0,38312;Kazakhstan_2016
2016;Kenya;51,1546;Kenya_2016
2016;Kiribati;16,6583;Kiribati_2016
2016;Kuwait;0,01242;Kuwait_2016
2016;Kyrgyzstan;0,77594;Kyrgyzstan_2016
2016;Lao People's Democratic Republic;11,31273;Lao People's Democratic Republic_2016
2016;Latvia;0,0206;Latvia_2016
2016;Lebanon;0,78675;Lebanon_2016
2016;Lesotho;44,35666;Lesotho_2016
2016;Liberia;41,54313;Liberia_2016
2016;Libya;0,5827;Libya_2016
2016;Lithuania;0,08078;Lithuania_2016
2016;Luxembourg;0,0485;Luxembourg_2016
2016;Madagascar;30,23168;Madagascar_2016
2016;Malawi;28,29031;Malawi_2016
2016;Malaysia;0,41999;Malaysia_2016
2016;Maldives;0,30585;Maldives_2016
2016;Mali;70,7214;Mali_2016
2016;Malta;0,03337;Malta_2016
2016;Mauritania;38,56949;Mauritania_2016
2016;Mauritius;0,58845;Mauritius_2016
2016;Mexico;1,05554;Mexico_2016
2016;Micronesia;3,56993;Micronesia (Federated States of)_2016
2016;Mongolia;1,28871;Mongolia_2016
2016;Montenegro;0,02545;Montenegro_2016
2016;Morocco;1,90323;Morocco_2016
2016;Mozambique;27,62905;Mozambique_2016
2016;Myanmar;12,61942;Myanmar_2016
2016;Namibia;18,31716;Namibia_2016
2016;Nepal;19,82954;Nepal_2016
2016;Netherlands;0,24093;Netherlands_2016
2016;New Zealand;0,14577;New Zealand_2016
2016;Nicaragua;2,24431;Nicaragua_2016
2016;Niger;70,81496;Niger_2016
2016;Nigeria;68,62818;Nigeria_2016
2016;Norway;0,21161;Norway_2016
2016;Oman;0,04553;Oman_2016
2016;Pakistan;19,58922;Pakistan_2016
2016;Panama;1,89632;Panama_2016
2016;Papua New Guinea;16,30974;Papua New Guinea_2016
2016;Paraguay;1,46453;Paraguay_2016
2016;Peru;1,27684;Peru_2016
2016;Philippines;4,19289;Philippines_2016
2016;Poland;0,09072;Poland_2016
2016;Portugal;0,15292;Portugal_2016
2016;Qatar;0,00811;Qatar_2016
2016;Republic of Korea;1,80559;Republic of Korea_2016
2016;Republic of Moldova;0,09594;Republic of Moldova_2016
2016;Republic of North Macedonia;0,07433;Republic of North Macedonia_2016
2016;Romania;0,36236;Romania_2016
2016;Russian Federation;0,10474;Russian Federation_2016
2016;Rwanda;19,34948;Rwanda_2016
2016;Saint Lucia;0,62866;Saint Lucia_2016
2016;Saint Vincent and the Grenadines;1,33276;Saint Vincent and the Grenadines_2016
2016;Samoa;1,48876;Samoa_2016
2016;Sao Tome and Principe;11,3611;Sao Tome and Principe_2016
2016;Saudi Arabia;0,09226;Saudi Arabia_2016
2016;Senegal;23,86927;Senegal_2016
2016;Serbia;0,73678;Serbia_2016
2016;Seychelles;0,1694;Seychelles_2016
2016;Sierra Leone;81,29262;Sierra Leone_2016
2016;Singapore;0,06611;Singapore_2016
2016;Slovakia;0,04474;Slovakia_2016
2016;Slovenia;0,02115;Slovenia_2016
2016;Solomon Islands;6,17562;Solomon Islands_2016
2016;Somalia;86,57523;Somalia_2016
2016;South Africa;13,66885;South Africa_2016
2016;South Sudan;63,28665;South Sudan_2016
2016;Spain;0,15183;Spain_2016
2016;Sri Lanka;1,19003;Sri Lanka_2016
2016;Sudan;17,32224;Sudan_2016
2016;Suriname;2,00714;Suriname_2016
2016;Sweden;0,21519;Sweden_2016
2016;Switzerland;0,13784;Switzerland_2016
2016;Syrian Arab Republic;3,6654;Syrian Arab Republic_2016
2016;Tajikistan;2,70048;Tajikistan_2016
2016;Thailand;3,50653;Thailand_2016
2016;Timor-Leste;9,91329;Timor-Leste_2016
2016;Togo;41,63327;Togo_2016
2016;Tonga;1,42545;Tonga_2016
2016;Trinidad and Tobago;0,14189;Trinidad and Tobago_2016
2016;Tunisia;1,01527;Tunisia_2016
2016;Turkey;0,2957;Turkey_2016
2016;Turkmenistan;3,97765;Turkmenistan_2016
2016;Uganda;31,55895;Uganda_2016
2016;Ukraine;0,26862;Ukraine_2016
2016;United Arab Emirates;0,02912;United Arab Emirates_2016
2016;United Kingdom of Great Britain and Northern Ireland;0,1972;United Kingdom of Great Britain and Northern Ireland_2016
2016;United Republic of Tanzania;38,40323;United Republic of Tanzania_2016
2016;United States of America;0,23153;United States of America_2016
2016;Uruguay;0,36017;Uruguay_2016
2016;Uzbekistan;0,44151;Uzbekistan_2016
2016;Vanuatu;10,41773;Vanuatu_2016
2016;Venezuela;1,3903;Venezuela (Bolivarian Republic of)_2016
2016;Viet Nam;1,6208;Viet Nam_2016
2016;Yemen;10,20328;Yemen_2016
2016;Zambia;34,91273;Zambia_2016
2016;Zimbabwe;24,55074;Zimbabwe_2016
